dataset,experiment_name,n_cubes,perc_overlap,start,end,n_months_total_with_warmup,n_assets_total_in_subpanel,tda_mapper_total_return,tda_mapper_ann_return_geo,tda_mapper_ann_vol,tda_mapper_sharpe,tda_mapper_sortino,tda_mapper_max_dd,eqw_reb_total_return,eqw_reb_ann_return_geo,eqw_reb_ann_vol,eqw_reb_sharpe,eqw_reb_sortino,eqw_reb_max_dd,diff_ann_return_geo,diff_ann_vol,diff_sharpe,diff_sortino,diff_max_dd,final_nav_tda_mapper,final_nav_eqw_reb,curves_path,config_path
sp500,cover_ncubes_8_overlap_015,8,0.15,1975-01-31,1984-12-31,180,794,2.3106476263072824,0.12717486504152853,0.09780976714094174,0.4042048876073365,0.6008453264172527,-0.09612069887828112,3.303857086558402,0.1571396739955213,0.12953782937985686,0.5349926230727894,0.8748749685799769,-0.10800005011668112,-0.029964808953992783,-0.031728062238915125,-0.13078773546545286,-0.2740296421627242,0.011879351238400004,3.3106476263072824,4.303857086558402,results_SP500_CRSP/cover_grid/nav_curves_sp500_cover_ncubes_8_overlap_015_1975-01-31_1984-12-31.csv,results_SP500_CRSP/cover_grid/config_sp500_cover_ncubes_8_overlap_015.json
sp500,cover_ncubes_8_overlap_015,8,0.15,1985-01-31,1994-12-31,181,814,1.032603732000053,0.07350796694807715,0.08674090411620755,0.21505209220916394,0.2856381558911937,-0.16768376117764494,2.0506451155117165,0.11799321758491521,0.12939591209265355,0.4967190331527192,0.7005620199802647,-0.2333491513132976,-0.04448525063683806,-0.042655007976446,-0.28166694094355527,-0.414923864089071,0.06566539013565265,2.032603732000053,3.0506451155117165,results_SP500_CRSP/cover_grid/nav_curves_sp500_cover_ncubes_8_overlap_015_1985-01-31_1994-12-31.csv,results_SP500_CRSP/cover_grid/config_sp500_cover_ncubes_8_overlap_015.json
sp500,cover_ncubes_8_overlap_015,8,0.15,1995-01-31,2004-12-31,181,861,1.628703282367875,0.10147376296462829,0.0921797455345478,0.6837512913390712,1.0362702230042393,-0.13246452708683465,2.0696084702338324,0.11868624573883113,0.109066927505685,0.7372256528947724,1.1322077120260468,-0.17745954366664218,-0.017212482774202842,-0.0168871819711372,-0.05347436155570118,-0.09593748902180743,0.044995016579807534,2.628703282367875,3.0696084702338324,results_SP500_CRSP/cover_grid/nav_curves_sp500_cover_ncubes_8_overlap_015_1995-01-31_2004-12-31.csv,results_SP500_CRSP/cover_grid/config_sp500_cover_ncubes_8_overlap_015.json
sp500,cover_ncubes_8_overlap_015,8,0.15,2005-01-31,2014-12-31,181,865,0.6940022712195528,0.054123265738723614,0.08550423354378385,0.49429732771091545,0.6753328601818802,-0.32635225955427105,1.0744268237379524,0.0756966396735812,0.13110598527045145,0.5149430880003395,0.7510733154929861,-0.44755770246563387,-0.021573373934857587,-0.0456017517266676,-0.020645760289424053,-0.07574045531110585,0.12120544291136282,1.6940022712195528,2.0744268237379524,results_SP500_CRSP/cover_grid/nav_curves_sp500_cover_ncubes_8_overlap_015_2005-01-31_2014-12-31.csv,results_SP500_CRSP/cover_grid/config_sp500_cover_ncubes_8_overlap_015.json
sp500,cover_ncubes_8_overlap_015,8,0.15,2015-01-31,2025-11-30,192,821,0.9150568122999585,0.0613257515527057,0.0886600225372481,0.503857397096499,0.725000069705355,-0.1361898582774096,1.5730356207186267,0.09043074591386135,0.12973394721231887,0.5888812215457251,0.8975239415842616,-0.2184859599315404,-0.029104994361155656,-0.041073924675070775,-0.08502382444922607,-0.1725238718789066,0.08229610165413082,1.9150568122999585,2.5730356207186267,results_SP500_CRSP/cover_grid/nav_curves_sp500_cover_ncubes_8_overlap_015_2015-01-31_2025-11-30.csv,results_SP500_CRSP/cover_grid/config_sp500_cover_ncubes_8_overlap_015.json
sp500,cover_ncubes_8_overlap_025,8,0.25,1975-01-31,1984-12-31,180,794,2.252026326404001,0.1251629039790516,0.09722515749726429,0.38800776050984265,0.5823670282213156,-0.09560789428690253,3.303857086558402,0.1571396739955213,0.12953782937985686,0.5349926230727894,0.8748749685799769,-0.10800005011668112,-0.0319767700164697,-0.03231267188259257,-0.14698486256294674,-0.29250794035866134,0.012392155829778595,3.252026326404001,4.303857086558402,results_SP500_CRSP/cover_grid/nav_curves_sp500_cover_ncubes_8_overlap_025_1975-01-31_1984-12-31.csv,results_SP500_CRSP/cover_grid/config_sp500_cover_ncubes_8_overlap_025.json
sp500,cover_ncubes_8_overlap_025,8,0.25,1985-01-31,1994-12-31,181,814,1.2224910178980113,0.08313852095902541,0.08805111496957702,0.31492967931973065,0.42958797325231945,-0.1707485993833341,2.0506451155117165,0.11799321758491521,0.12939591209265355,0.4967190331527192,0.7005620199802647,-0.2333491513132976,-0.0348546966258898,-0.04134479712307654,-0.18178935383298855,-0.27097404672794523,0.0626005519299635,2.2224910178980113,3.0506451155117165,results_SP500_CRSP/cover_grid/nav_curves_sp500_cover_ncubes_8_overlap_025_1985-01-31_1994-12-31.csv,results_SP500_CRSP/cover_grid/config_sp500_cover_ncubes_8_overlap_025.json
sp500,cover_ncubes_8_overlap_025,8,0.25,1995-01-31,2004-12-31,181,861,1.6828369777943895,0.10372131160042675,0.09277347073142292,0.7021682556947703,1.0699809513238565,-0.13421151376593787,2.0696084702338324,0.11868624573883113,0.109066927505685,0.7372256528947724,1.1322077120260468,-0.17745954366664218,-0.014964934138404384,-0.016293456774262083,-0.035057397200002116,-0.06222676070219024,0.04324802990070431,2.6828369777943895,3.0696084702338324,results_SP500_CRSP/cover_grid/nav_curves_sp500_cover_ncubes_8_overlap_025_1995-01-31_2004-12-31.csv,results_SP500_CRSP/cover_grid/config_sp500_cover_ncubes_8_overlap_025.json
sp500,cover_ncubes_8_overlap_025,8,0.25,2005-01-31,2014-12-31,181,865,0.6334461183097646,0.050293024941469255,0.08727286375040577,0.4447238384316882,0.6006133910178622,-0.3374715725770643,1.0744268237379524,0.0756966396735812,0.13110598527045145,0.5149430880003395,0.7510733154929861,-0.44755770246563387,-0.025403614732111945,-0.043833121520045676,-0.07021924956865128,-0.1504599244751239,0.11008612988856958,1.6334461183097646,2.0744268237379524,results_SP500_CRSP/cover_grid/nav_curves_sp500_cover_ncubes_8_overlap_025_2005-01-31_2014-12-31.csv,results_SP500_CRSP/cover_grid/config_sp500_cover_ncubes_8_overlap_025.json
sp500,cover_ncubes_8_overlap_025,8,0.25,2015-01-31,2025-11-30,192,821,0.9933198044036629,0.0652270010215994,0.08810315123819923,0.5482066375654656,0.8039207773413275,-0.13084827967023938,1.5730356207186267,0.09043074591386135,0.12973394721231887,0.5888812215457251,0.8975239415842616,-0.2184859599315404,-0.02520374489226196,-0.041630795974119644,-0.04067458398025947,-0.09360316424293413,0.08763768026130103,1.9933198044036629,2.5730356207186267,results_SP500_CRSP/cover_grid/nav_curves_sp500_cover_ncubes_8_overlap_025_2015-01-31_2025-11-30.csv,results_SP500_CRSP/cover_grid/config_sp500_cover_ncubes_8_overlap_025.json
sp500,cover_ncubes_8_overlap_04,8,0.4,1975-01-31,1984-12-31,180,794,2.394146974619526,0.12998600423216766,0.09843712929235834,0.4278506197292227,0.6428469976302195,-0.10376722773926073,3.303857086558402,0.1571396739955213,0.12953782937985686,0.5349926230727894,0.8748749685799769,-0.10800005011668112,-0.02715366976335365,-0.031100700087498517,-0.10714200334356666,-0.23202797094975747,0.004232822377420398,3.394146974619526,4.303857086558402,results_SP500_CRSP/cover_grid/nav_curves_sp500_cover_ncubes_8_overlap_04_1975-01-31_1984-12-31.csv,results_SP500_CRSP/cover_grid/config_sp500_cover_ncubes_8_overlap_04.json
sp500,cover_ncubes_8_overlap_04,8,0.4,1985-01-31,1994-12-31,181,814,1.0927125095869634,0.07664110585990991,0.08852784209371661,0.24571477441666575,0.32736875425687273,-0.1742774464201554,2.0506451155117165,0.11799321758491521,0.12939591209265355,0.4967190331527192,0.7005620199802647,-0.2333491513132976,-0.0413521117250053,-0.04086806999893694,-0.2510042587360535,-0.37319326572339195,0.059071704893142174,2.0927125095869634,3.0506451155117165,results_SP500_CRSP/cover_grid/nav_curves_sp500_cover_ncubes_8_overlap_04_1985-01-31_1994-12-31.csv,results_SP500_CRSP/cover_grid/config_sp500_cover_ncubes_8_overlap_04.json
sp500,cover_ncubes_8_overlap_04,8,0.4,1995-01-31,2004-12-31,181,861,1.6768619967778724,0.1034752536958965,0.09268458059759815,0.7002291044271535,1.0590995582657547,-0.13361604158101936,2.0696084702338324,0.11868624573883113,0.109066927505685,0.7372256528947724,1.1322077120260468,-0.17745954366664218,-0.015210992042934635,-0.016382346908086848,-0.036996548467618906,-0.073108153760292,0.04384350208562282,2.6768619967778724,3.0696084702338324,results_SP500_CRSP/cover_grid/nav_curves_sp500_cover_ncubes_8_overlap_04_1995-01-31_2004-12-31.csv,results_SP500_CRSP/cover_grid/config_sp500_cover_ncubes_8_overlap_04.json
sp500,cover_ncubes_8_overlap_04,8,0.4,2005-01-31,2014-12-31,181,865,0.7021829875687327,0.05463122257959929,0.08590442868035167,0.49782964160989607,0.679526557695482,-0.33300799412295035,1.0744268237379524,0.0756966396735812,0.13110598527045145,0.5149430880003395,0.7510733154929861,-0.44755770246563387,-0.02106541709398191,-0.04520155659009978,-0.017113446390443432,-0.07154675779750408,0.11454970834268352,1.7021829875687327,2.0744268237379524,results_SP500_CRSP/cover_grid/nav_curves_sp500_cover_ncubes_8_overlap_04_2005-01-31_2014-12-31.csv,results_SP500_CRSP/cover_grid/config_sp500_cover_ncubes_8_overlap_04.json
sp500,cover_ncubes_8_overlap_04,8,0.4,2015-01-31,2025-11-30,192,821,1.0109836444790234,0.06608822988241614,0.08872183037797972,0.5535467487002342,0.801784391466657,-0.13631201530660197,1.5730356207186267,0.09043074591386135,0.12973394721231887,0.5888812215457251,0.8975239415842616,-0.2184859599315404,-0.024342516031445216,-0.041012116834339155,-0.03533447284549085,-0.0957395501176046,0.08217394462493843,2.0109836444790234,2.5730356207186267,results_SP500_CRSP/cover_grid/nav_curves_sp500_cover_ncubes_8_overlap_04_2015-01-31_2025-11-30.csv,results_SP500_CRSP/cover_grid/config_sp500_cover_ncubes_8_overlap_04.json
sp500,cover_ncubes_12_overlap_015,12,0.15,1975-01-31,1984-12-31,180,794,2.496774384598944,0.1333570780052804,0.10245873462599607,0.4434906190701617,0.6636735162274271,-0.0966104421168833,3.303857086558402,0.1571396739955213,0.12953782937985686,0.5349926230727894,0.8748749685799769,-0.10800005011668112,-0.023782595990240907,-0.02707909475386079,-0.0915020040026277,-0.21120145235254983,0.011389607999797824,3.496774384598944,4.303857086558402,results_SP500_CRSP/cover_grid/nav_curves_sp500_cover_ncubes_12_overlap_015_1975-01-31_1984-12-31.csv,results_SP500_CRSP/cover_grid/config_sp500_cover_ncubes_12_overlap_015.json
sp500,cover_ncubes_12_overlap_015,12,0.15,1985-01-31,1994-12-31,181,814,1.1634198156972175,0.08022464244314076,0.08735096845696683,0.28578318546289266,0.38329780601432645,-0.1696309085494665,2.0506451155117165,0.11799321758491521,0.12939591209265355,0.4967190331527192,0.7005620199802647,-0.2333491513132976,-0.03776857514177445,-0.04204494363568673,-0.21093584768982654,-0.31726421396593824,0.06371824276383109,2.1634198156972175,3.0506451155117165,results_SP500_CRSP/cover_grid/nav_curves_sp500_cover_ncubes_12_overlap_015_1985-01-31_1994-12-31.csv,results_SP500_CRSP/cover_grid/config_sp500_cover_ncubes_12_overlap_015.json
sp500,cover_ncubes_12_overlap_015,12,0.15,1995-01-31,2004-12-31,181,861,1.6456826449036055,0.10218316911032943,0.09257653945691513,0.6880833221773814,1.0386535576621314,-0.1402099173366803,2.0696084702338324,0.11868624573883113,0.109066927505685,0.7372256528947724,1.1322077120260468,-0.17745954366664218,-0.0165030766285017,-0.016490388048769872,-0.049142330717390936,-0.09355415436391534,0.03724962632996187,2.6456826449036055,3.0696084702338324,results_SP500_CRSP/cover_grid/nav_curves_sp500_cover_ncubes_12_overlap_015_1995-01-31_2004-12-31.csv,results_SP500_CRSP/cover_grid/config_sp500_cover_ncubes_12_overlap_015.json
sp500,cover_ncubes_12_overlap_015,12,0.15,2005-01-31,2014-12-31,181,865,0.5969640942721635,0.047923344407602375,0.08701705991841652,0.4196540920236382,0.5669120233963661,-0.3456684380879985,1.0744268237379524,0.0756966396735812,0.13110598527045145,0.5149430880003395,0.7510733154929861,-0.44755770246563387,-0.027773295265978826,-0.04408892535203493,-0.09528899597670132,-0.1841612920966199,0.10188926437763535,1.5969640942721635,2.0744268237379524,results_SP500_CRSP/cover_grid/nav_curves_sp500_cover_ncubes_12_overlap_015_2005-01-31_2014-12-31.csv,results_SP500_CRSP/cover_grid/config_sp500_cover_ncubes_12_overlap_015.json
sp500,cover_ncubes_12_overlap_015,12,0.15,2015-01-31,2025-11-30,192,821,0.9267968691494279,0.061920099756329616,0.09062432086600627,0.5007620978080833,0.7148535217813331,-0.15323970952495303,1.5730356207186267,0.09043074591386135,0.12973394721231887,0.5888812215457251,0.8975239415842616,-0.2184859599315404,-0.028510646157531738,-0.0391096263463126,-0.08811912373764175,-0.18267041980292853,0.06524625040658738,1.926796869149428,2.5730356207186267,results_SP500_CRSP/cover_grid/nav_curves_sp500_cover_ncubes_12_overlap_015_2015-01-31_2025-11-30.csv,results_SP500_CRSP/cover_grid/config_sp500_cover_ncubes_12_overlap_015.json
sp500,cover_ncubes_12_overlap_025,12,0.25,1975-01-31,1984-12-31,180,794,2.451843252967676,0.13189230288303766,0.10130662622822299,0.43479385542106314,0.6522070889974335,-0.10147742453369979,3.303857086558402,0.1571396739955213,0.12953782937985686,0.5349926230727894,0.8748749685799769,-0.10800005011668112,-0.025247371112483652,-0.02823120315163387,-0.10019876765172625,-0.22266787958254342,0.006522625582981334,3.451843252967676,4.303857086558402,results_SP500_CRSP/cover_grid/nav_curves_sp500_cover_ncubes_12_overlap_025_1975-01-31_1984-12-31.csv,results_SP500_CRSP/cover_grid/config_sp500_cover_ncubes_12_overlap_025.json
sp500,cover_ncubes_12_overlap_025,12,0.25,1985-01-31,1994-12-31,181,814,1.1485552192878021,0.07948012826072137,0.0869126009620991,0.27900579552134447,0.373996392165014,-0.17240903770583005,2.0506451155117165,0.11799321758491521,0.12939591209265355,0.4967190331527192,0.7005620199802647,-0.2333491513132976,-0.03851308932419384,-0.04248331113055445,-0.21771323763137473,-0.32656562781525067,0.06094011360746754,2.148555219287802,3.0506451155117165,results_SP500_CRSP/cover_grid/nav_curves_sp500_cover_ncubes_12_overlap_025_1985-01-31_1994-12-31.csv,results_SP500_CRSP/cover_grid/config_sp500_cover_ncubes_12_overlap_025.json
sp500,cover_ncubes_12_overlap_025,12,0.25,1995-01-31,2004-12-31,181,861,1.686775555428349,0.10388323805962352,0.0919217725880878,0.7094756914376996,1.0729650704569176,-0.1304027916096292,2.0696084702338324,0.11868624573883113,0.109066927505685,0.7372256528947724,1.1322077120260468,-0.17745954366664218,-0.014803007679207614,-0.017145154917597202,-0.027749961457072758,-0.05924264156912917,0.047056752057012985,2.686775555428349,3.0696084702338324,results_SP500_CRSP/cover_grid/nav_curves_sp500_cover_ncubes_12_overlap_025_1995-01-31_2004-12-31.csv,results_SP500_CRSP/cover_grid/config_sp500_cover_ncubes_12_overlap_025.json
sp500,cover_ncubes_12_overlap_025,12,0.25,2005-01-31,2014-12-31,181,865,0.6472117100103763,0.0511748028554917,0.08625979503227837,0.45842746886672414,0.6272367991982336,-0.33228629253346176,1.0744268237379524,0.0756966396735812,0.13110598527045145,0.5149430880003395,0.7510733154929861,-0.44755770246563387,-0.024521836818089504,-0.04484619023817307,-0.05651561913361536,-0.12383651629475245,0.11527140993217211,1.6472117100103763,2.0744268237379524,results_SP500_CRSP/cover_grid/nav_curves_sp500_cover_ncubes_12_overlap_025_2005-01-31_2014-12-31.csv,results_SP500_CRSP/cover_grid/config_sp500_cover_ncubes_12_overlap_025.json
sp500,cover_ncubes_12_overlap_025,12,0.25,2015-01-31,2025-11-30,192,821,0.9242588484428347,0.06179189002486041,0.08927883851779411,0.5059354024094818,0.7313480873060206,-0.14394272358879667,1.5730356207186267,0.09043074591386135,0.12973394721231887,0.5888812215457251,0.8975239415842616,-0.2184859599315404,-0.028638855889000947,-0.04045510869452476,-0.08294581913624333,-0.166175854278241,0.07454323634274374,1.9242588484428347,2.5730356207186267,results_SP500_CRSP/cover_grid/nav_curves_sp500_cover_ncubes_12_overlap_025_2015-01-31_2025-11-30.csv,results_SP500_CRSP/cover_grid/config_sp500_cover_ncubes_12_overlap_025.json
sp500,cover_ncubes_12_overlap_04,12,0.4,1975-01-31,1984-12-31,180,794,2.320483031591424,0.12750928385538218,0.09809822817115532,0.4061466152482546,0.6090368861279405,-0.09439400267902598,3.303857086558402,0.1571396739955213,0.12953782937985686,0.5349926230727894,0.8748749685799769,-0.10800005011668112,-0.02963039014013913,-0.03143960120870154,-0.12884600782453476,-0.26583808245203644,0.013606047437655144,3.320483031591424,4.303857086558402,results_SP500_CRSP/cover_grid/nav_curves_sp500_cover_ncubes_12_overlap_04_1975-01-31_1984-12-31.csv,results_SP500_CRSP/cover_grid/config_sp500_cover_ncubes_12_overlap_04.json
sp500,cover_ncubes_12_overlap_04,12,0.4,1985-01-31,1994-12-31,181,814,1.2346530264956317,0.0837297860262669,0.08521717026174315,0.3285814412169763,0.4480205056339377,-0.1617214857842979,2.0506451155117165,0.11799321758491521,0.12939591209265355,0.4967190331527192,0.7005620199802647,-0.2333491513132976,-0.034263431558648305,-0.044178741830910404,-0.1681375919357429,-0.252541514346327,0.07162766552899968,2.2346530264956317,3.0506451155117165,results_SP500_CRSP/cover_grid/nav_curves_sp500_cover_ncubes_12_overlap_04_1985-01-31_1994-12-31.csv,results_SP500_CRSP/cover_grid/config_sp500_cover_ncubes_12_overlap_04.json
sp500,cover_ncubes_12_overlap_04,12,0.4,1995-01-31,2004-12-31,181,861,1.6256874792783278,0.10134733012623043,0.09159744183947005,0.6862893806547262,1.0285949693002392,-0.13038653821165114,2.0696084702338324,0.11868624573883113,0.109066927505685,0.7372256528947724,1.1322077120260468,-0.17745954366664218,-0.017338915612600703,-0.01746948566621495,-0.050936272240046154,-0.10361274272580756,0.047073005454991046,2.625687479278328,3.0696084702338324,results_SP500_CRSP/cover_grid/nav_curves_sp500_cover_ncubes_12_overlap_04_1995-01-31_2004-12-31.csv,results_SP500_CRSP/cover_grid/config_sp500_cover_ncubes_12_overlap_04.json
sp500,cover_ncubes_12_overlap_04,12,0.4,2005-01-31,2014-12-31,181,865,0.577888764577414,0.0466648471452924,0.08608494515729148,0.40938158597474084,0.5480494856584812,-0.3425567038896803,1.0744268237379524,0.0756966396735812,0.13110598527045145,0.5149430880003395,0.7510733154929861,-0.44755770246563387,-0.029031792528288802,-0.045021040113159966,-0.10556150202559866,-0.20302382983450484,0.10500099857595357,1.577888764577414,2.0744268237379524,results_SP500_CRSP/cover_grid/nav_curves_sp500_cover_ncubes_12_overlap_04_2005-01-31_2014-12-31.csv,results_SP500_CRSP/cover_grid/config_sp500_cover_ncubes_12_overlap_04.json
sp500,cover_ncubes_12_overlap_04,12,0.4,2015-01-31,2025-11-30,192,821,1.0214057880658691,0.06659316022907169,0.08843389853117874,0.5611340011621305,0.8113373643427918,-0.13712774983276654,1.5730356207186267,0.09043074591386135,0.12973394721231887,0.5888812215457251,0.8975239415842616,-0.2184859599315404,-0.023837585684789664,-0.041300048681140136,-0.027747220383594562,-0.08618657724146983,0.08135821009877386,2.021405788065869,2.5730356207186267,results_SP500_CRSP/cover_grid/nav_curves_sp500_cover_ncubes_12_overlap_04_2015-01-31_2025-11-30.csv,results_SP500_CRSP/cover_grid/config_sp500_cover_ncubes_12_overlap_04.json
sp500,cover_ncubes_16_overlap_015,16,0.15,1975-01-31,1984-12-31,180,794,2.479269063188032,0.13278842203186425,0.10033680081423135,0.44624528134824787,0.6770287129288165,-0.08984774180354238,3.303857086558402,0.1571396739955213,0.12953782937985686,0.5349926230727894,0.8748749685799769,-0.10800005011668112,-0.02435125196365706,-0.02920102856562551,-0.08874734172454152,-0.19784625565116043,0.018152308313138743,3.479269063188032,4.303857086558402,results_SP500_CRSP/cover_grid/nav_curves_sp500_cover_ncubes_16_overlap_015_1975-01-31_1984-12-31.csv,results_SP500_CRSP/cover_grid/config_sp500_cover_ncubes_16_overlap_015.json
sp500,cover_ncubes_16_overlap_015,16,0.15,1985-01-31,1994-12-31,181,814,1.1539759217853423,0.07975216724531586,0.08774390249224377,0.2799904512100494,0.3736559584760212,-0.17361438304779964,2.0506451155117165,0.11799321758491521,0.12939591209265355,0.4967190331527192,0.7005620199802647,-0.2333491513132976,-0.03824105033959935,-0.04165200960040978,-0.2167285819426698,-0.3269060615042435,0.05973476826549795,2.1539759217853423,3.0506451155117165,results_SP500_CRSP/cover_grid/nav_curves_sp500_cover_ncubes_16_overlap_015_1985-01-31_1994-12-31.csv,results_SP500_CRSP/cover_grid/config_sp500_cover_ncubes_16_overlap_015.json
sp500,cover_ncubes_16_overlap_015,16,0.15,1995-01-31,2004-12-31,181,861,1.7909426650172646,0.10809014260030114,0.0925140967310371,0.7467158749917483,1.137254839725856,-0.12738798975325571,2.0696084702338324,0.11868624573883113,0.109066927505685,0.7372256528947724,1.1322077120260468,-0.17745954366664218,-0.010596103138529989,-0.016552830774647906,0.00949022209697592,0.005047127699809195,0.05007155391338647,2.7909426650172646,3.0696084702338324,results_SP500_CRSP/cover_grid/nav_curves_sp500_cover_ncubes_16_overlap_015_1995-01-31_2004-12-31.csv,results_SP500_CRSP/cover_grid/config_sp500_cover_ncubes_16_overlap_015.json
sp500,cover_ncubes_16_overlap_015,16,0.15,2005-01-31,2014-12-31,181,865,0.6800894631232302,0.05325429991101438,0.08770920458656144,0.4746989809141627,0.6428995538190679,-0.34114871107312905,1.0744268237379524,0.0756966396735812,0.13110598527045145,0.5149430880003395,0.7510733154929861,-0.44755770246563387,-0.02244233976256682,-0.04339678068389001,-0.04024410708617682,-0.10817376167391812,0.10640899139250481,1.6800894631232302,2.0744268237379524,results_SP500_CRSP/cover_grid/nav_curves_sp500_cover_ncubes_16_overlap_015_2005-01-31_2014-12-31.csv,results_SP500_CRSP/cover_grid/config_sp500_cover_ncubes_16_overlap_015.json
sp500,cover_ncubes_16_overlap_015,16,0.15,2015-01-31,2025-11-30,192,821,0.9661365329886165,0.06388799663739375,0.08988722838595685,0.5251871168750336,0.7551018473905233,-0.13512323969696827,1.5730356207186267,0.09043074591386135,0.12973394721231887,0.5888812215457251,0.8975239415842616,-0.2184859599315404,-0.026542749276467603,-0.039846718826362024,-0.06369410467069148,-0.1424220941937383,0.08336272023457214,1.9661365329886165,2.5730356207186267,results_SP500_CRSP/cover_grid/nav_curves_sp500_cover_ncubes_16_overlap_015_2015-01-31_2025-11-30.csv,results_SP500_CRSP/cover_grid/config_sp500_cover_ncubes_16_overlap_015.json
sp500,cover_ncubes_16_overlap_025,16,0.25,1975-01-31,1984-12-31,180,794,2.382697991814666,0.12960426266059355,0.10043820613557465,0.41763225633634554,0.6297423561365599,-0.09680513522512424,3.303857086558402,0.1571396739955213,0.12953782937985686,0.5349926230727894,0.8748749685799769,-0.10800005011668112,-0.027535411334927762,-0.02909962324428221,-0.11736036673644384,-0.245132612443417,0.011194914891556884,3.382697991814666,4.303857086558402,results_SP500_CRSP/cover_grid/nav_curves_sp500_cover_ncubes_16_overlap_025_1975-01-31_1984-12-31.csv,results_SP500_CRSP/cover_grid/config_sp500_cover_ncubes_16_overlap_025.json
sp500,cover_ncubes_16_overlap_025,16,0.25,1985-01-31,1994-12-31,181,814,1.2305827252224804,0.08353222844485031,0.08766236640824142,0.3198587900995728,0.43737640583610643,-0.16481612904140885,2.0506451155117165,0.11799321758491521,0.12939591209265355,0.4967190331527192,0.7005620199802647,-0.2333491513132976,-0.0344609891400649,-0.041733545684412135,-0.1768602430531464,-0.26318561414415825,0.06853302227188873,2.2305827252224804,3.0506451155117165,results_SP500_CRSP/cover_grid/nav_curves_sp500_cover_ncubes_16_overlap_025_1985-01-31_1994-12-31.csv,results_SP500_CRSP/cover_grid/config_sp500_cover_ncubes_16_overlap_025.json
sp500,cover_ncubes_16_overlap_025,16,0.25,1995-01-31,2004-12-31,181,861,1.7153550576366872,0.10505186676043232,0.09230347837058706,0.718257485165848,1.0848288411538263,-0.13263027163817454,2.0696084702338324,0.11868624573883113,0.109066927505685,0.7372256528947724,1.1322077120260468,-0.17745954366664218,-0.013634378978398809,-0.016763449135097946,-0.0189681677289244,-0.04737887087222048,0.04482927202846765,2.715355057636687,3.0696084702338324,results_SP500_CRSP/cover_grid/nav_curves_sp500_cover_ncubes_16_overlap_025_1995-01-31_2004-12-31.csv,results_SP500_CRSP/cover_grid/config_sp500_cover_ncubes_16_overlap_025.json
sp500,cover_ncubes_16_overlap_025,16,0.25,2005-01-31,2014-12-31,181,865,0.6673397475019018,0.05245227283823084,0.08709036418270281,0.46888301450608844,0.6311327293576179,-0.34047778512830806,1.0744268237379524,0.0756966396735812,0.13110598527045145,0.5149430880003395,0.7510733154929861,-0.44755770246563387,-0.02324436683535036,-0.04401562108774863,-0.046060073494251064,-0.11994058613536818,0.1070799173373258,1.6673397475019018,2.0744268237379524,results_SP500_CRSP/cover_grid/nav_curves_sp500_cover_ncubes_16_overlap_025_2005-01-31_2014-12-31.csv,results_SP500_CRSP/cover_grid/config_sp500_cover_ncubes_16_overlap_025.json
sp500,cover_ncubes_16_overlap_025,16,0.25,2015-01-31,2025-11-30,192,821,0.9569542566642149,0.06343189089919066,0.09086109390957697,0.5159301168101416,0.7396745003299002,-0.13811890720564068,1.5730356207186267,0.09043074591386135,0.12973394721231887,0.5888812215457251,0.8975239415842616,-0.2184859599315404,-0.026998855014670697,-0.0388728533027419,-0.07295110473558353,-0.1578494412543614,0.08036705272589972,1.9569542566642149,2.5730356207186267,results_SP500_CRSP/cover_grid/nav_curves_sp500_cover_ncubes_16_overlap_025_2015-01-31_2025-11-30.csv,results_SP500_CRSP/cover_grid/config_sp500_cover_ncubes_16_overlap_025.json
sp500,cover_ncubes_16_overlap_04,16,0.4,1975-01-31,1984-12-31,180,794,2.2927856893163017,0.12656523882127302,0.09819166599405016,0.3978404379247656,0.5927317599578042,-0.09307656402476328,3.303857086558402,0.1571396739955213,0.12953782937985686,0.5349926230727894,0.8748749685799769,-0.10800005011668112,-0.030574435174248293,-0.0313461633858067,-0.1371521851480238,-0.2821432086221727,0.014923486091917848,3.2927856893163017,4.303857086558402,results_SP500_CRSP/cover_grid/nav_curves_sp500_cover_ncubes_16_overlap_04_1975-01-31_1984-12-31.csv,results_SP500_CRSP/cover_grid/config_sp500_cover_ncubes_16_overlap_04.json
sp500,cover_ncubes_16_overlap_04,16,0.4,1985-01-31,1994-12-31,181,814,1.1549003888278317,0.07979850028681268,0.08767273676234984,0.2806349118846685,0.37991795580905047,-0.1739624476947732,2.0506451155117165,0.11799321758491521,0.12939591209265355,0.4967190331527192,0.7005620199802647,-0.2333491513132976,-0.03819471729810253,-0.041723175330303716,-0.2160841212680507,-0.3206440641712142,0.059386703618524384,2.1549003888278317,3.0506451155117165,results_SP500_CRSP/cover_grid/nav_curves_sp500_cover_ncubes_16_overlap_04_1985-01-31_1994-12-31.csv,results_SP500_CRSP/cover_grid/config_sp500_cover_ncubes_16_overlap_04.json
sp500,cover_ncubes_16_overlap_04,16,0.4,1995-01-31,2004-12-31,181,861,1.680662453950304,0.10363181886651374,0.0924803710153105,0.7030681550427669,1.0638036277746281,-0.13157952287516594,2.0696084702338324,0.11868624573883113,0.109066927505685,0.7372256528947724,1.1322077120260468,-0.17745954366664218,-0.015054426872317395,-0.016586556490374507,-0.0341574978520055,-0.06840408425141864,0.04588002079147624,2.680662453950304,3.0696084702338324,results_SP500_CRSP/cover_grid/nav_curves_sp500_cover_ncubes_16_overlap_04_1995-01-31_2004-12-31.csv,results_SP500_CRSP/cover_grid/config_sp500_cover_ncubes_16_overlap_04.json
sp500,cover_ncubes_16_overlap_04,16,0.4,2005-01-31,2014-12-31,181,865,0.6172745435200395,0.04924854359941655,0.08827165087589728,0.4293828217650315,0.5765667719149863,-0.34197473982535687,1.0744268237379524,0.0756966396735812,0.13110598527045145,0.5149430880003395,0.7510733154929861,-0.44755770246563387,-0.02644809607416465,-0.04283433439455417,-0.08556026623530799,-0.17450654357799977,0.105582962640277,1.6172745435200395,2.0744268237379524,results_SP500_CRSP/cover_grid/nav_curves_sp500_cover_ncubes_16_overlap_04_2005-01-31_2014-12-31.csv,results_SP500_CRSP/cover_grid/config_sp500_cover_ncubes_16_overlap_04.json
sp500,cover_ncubes_16_overlap_04,16,0.4,2015-01-31,2025-11-30,192,821,0.9909442739144207,0.06511064980268877,0.08960955271496836,0.5400267146243157,0.7810531784469973,-0.13674385790193777,1.5730356207186267,0.09043074591386135,0.12973394721231887,0.5888812215457251,0.8975239415842616,-0.2184859599315404,-0.025320096111172585,-0.040124394497350516,-0.04885450692140936,-0.11647076313726434,0.08174210202960264,1.9909442739144207,2.5730356207186267,results_SP500_CRSP/cover_grid/nav_curves_sp500_cover_ncubes_16_overlap_04_2015-01-31_2025-11-30.csv,results_SP500_CRSP/cover_grid/config_sp500_cover_ncubes_16_overlap_04.json
